		Ais Decoder Help	Default.html
			Getting Started	GettingStarted.html
				Overview	Overview.html
				Features	Features.html
				Quick Start	QuickStart.html
				Google Earth View of your data	GoogleEarthView.html
			Physical Connection	PhysicalConnection.html
				Serial Data SerialInput.html
				Network Data	NetworkInput.html
				USB Data	UsbInput.html
			Functional Description	FunctioalDescription.html
			Control/Stats Window	ControlStatsWindow.html
				Statistics	Statistics.html
				Nmea Input Window	NmeaWindow.html
				Summary Window	SummaryWindow.html
				Detail Window	DetailWindow.html
				Output Windows	OutputWindows.html
				GIS Button	GisWindow.html
			Options Window	OptionsWindow.html
				Options - Input	OptionsSettings.html
				Options - Log File	OptionsLogFile.html
				Options - Input Filter	OptionsInputFilter.html
				Options - Output Fields and Tags	OptionsOutput FieldsAndTags.html
				Options - Output Tags and Range	OptionsOutputTagsAndRange.html
				Options - Scheduler	OptionsScheduler.html
				Options - Tags	OptionsTags.html
				Options - FTP Server	OptionsFtpServer.html
				Options - Output	OptionsOutput.html
				Options - All Settings	OptionsAllSettings.html
				Options - Other	OptionsOther.html
			Example Settings	ExampleSettings.html
				Default	DefaultSetting.html
				Google Earth	GoogleEarthSetting.html
				Google Maps	GoogleMapsSetting.html
				CSV - All Content	CsvSetting.html
				Excel - Using Tags	Excel Setting.html
				UDP Tags and Range	UdpTagsandRangeSetting.html
				HTML - Using Tags	HtmlSetting.html
				ASPX Using Tags	AspxSetting.html
				Shipplotter spnmea	spnmeaSetting.html
			Output	Output.html
				Output Channels	OutputMethod.html
					To File	OutputToFile.html
					OutputOptions.html	To Network
					OutputToClientPC.html	OutputOptions.html
					To Web Server	OutputToWebServer.html
				Output Format	OutputFormat.html
					NMEA	NmeaOutput.html
					CSV	CsvOutput.html
					HTML	HtmlOutput.html
					KML	KmlOutput.html
					KMZ	KmzOutput.html
					Date &amp; Time	OptionsOutputDates.html
				Output Fields	SelectingOutputFields.html
					Tagging - Overview	TaggingOverview.html
					Outputting Tagged Fields	OutputtingTaggedFields.html
					Creating Tags	CreatingTags.html
					Vessel Names	VesselNames.html
					Deleting Tags	DeletingTags.html
				Output Template Files	OutputTemplateFiles.html
				Output Range Filtering	OutputRangeFiltering.html
					Tagged	RangeFilteredTagged.html
					NMEA	RangeFilteredNmea.html
				Scheduling Output	SchedulingOutput.html
			Miscellaneous	Miscellaneous.html
				NMEA GPS Sentences	NmeaGps.html
				Start Up Command Options	Command.html
				User Profiles	UserProfiles.html
				Binary Messages	BinaryMessages.html
				Character Encoding	CharacterEncoding.html
				Configuring Google Earth	GoogleEarthConfiguring.html
				Files and Directories	FilesandDirectories.html
				Range from MyShip	RangeFromMyShip.html
				Shelling Scripts	ShellOnFileClose.html
			Glossary	Glossary.html
